model,mode,subset,n,accuracy,macro_f1,macro_f1_ci_lo,macro_f1_ci_hi,f1_male,f1_female,f1_group,f1_instrumental,mcc,balanced_acc,invalid_rate,ece,pred_dist,latency_p50_s,latency_p95_s,tokens_in_mean,tokens_out_mean,api_cost_usd_per_1000
logreg_mfcc,supervised,cmp,200,0.745,0.7460413055141708,0.6841138790671639,0.8028482555548178,0.6981132075471698,0.6804123711340206,0.8131868131868132,0.7924528301886793,0.661789249731153,0.7449999999999999,0.0,0.08311094000935584,"{""male"": 56, ""instrumental"": 56, ""female"": 47, ""group"": 41}",2.3768749088048927e-06,2.3768749088048927e-06,,,0.0
gemma3_4b,fewshot,cmp,200,0.305,0.24085143601709386,0.19504492203156953,0.2842153493699169,0.5426356589147286,0.28378378378378377,0.136986301369863,0.0,0.08263555602463818,0.305,0.0,0.6449999999999998,"{""female"": 98, ""male"": 79, ""group"": 23}",7.951738208474126,8.48830457641161,1524.0,16.025,0.07780250000000001
gemma3_4b,zeroshot,cmp,200,0.235,0.16559239610963747,0.12602550270609103,0.2081214025572216,0.30666666666666664,0.31724137931034485,0.0,0.038461538461538464,-0.017944672147122205,0.23500000000000001,0.015000000000000013,0.7116700507614213,"{""male"": 100, ""female"": 95, ""invalid"": 3, ""instrumental"": 2}",2.0637092499528076,2.1783967190247493,441.0,18.27,0.023877000000000002
qwen25vl3b,fewshot,cmp,200,0.28,0.1609105180533752,0.12674311437176455,0.1909375977044097,0.4897959183673469,0.15384615384615385,0.0,0.0,0.055173725906824525,0.27999999999999997,0.0,0.6699999999999998,"{""male"": 146, ""female"": 54}",1.99946245807223,8.015614516992354,885.0,16.0,0.1802
qwen25vl7b,fewshot,cmp,200,0.27,0.1425796425796426,0.10752034583302575,0.18001348106563395,0.4188034188034188,0.15151515151515152,0.0,0.0,0.0601929265428846,0.27,0.0,0.53175,"{""male"": 184, ""female"": 16}",3.6487387500237674,9.37645380412559,885.0,15.045,0.180009
qwen25vl3b,zeroshot,cmp,200,0.25,0.1,0.07983193277310924,0.11977186311787072,0.4,0.0,0.0,0.0,0.0,0.25,0.0,0.6999999999999998,"{""male"": 200}",3.6998745414894074,5.16131599759683,319.0,16.04,0.06700800000000001
qwen25vl7b,zeroshot,cmp,200,0.245,0.09959349593495935,0.07872340425531915,0.1182170542635659,0.0,0.3983739837398374,0.0,0.0,-0.029160592175990215,0.245,0.0,0.555,"{""female"": 196, ""male"": 4}",1.587132646003738,1.6801811749930495,319.0,19.0,0.06760000000000002
logreg_mfcc,supervised,full_test,1009,0.6947472745292369,0.6957509537934645,0.6658808656758483,0.7231102604457949,0.6734006734006734,0.6090534979423868,0.7445255474452555,0.7560240963855421,0.5849006235430401,0.6936092201836839,0.0,0.02616325581983505,"{""male"": 333, ""instrumental"": 314, ""female"": 232, ""group"": 130}",8.009167616989378e-07,8.009167616989378e-07,,,0.0
gemma3_4b,fewshot,full_test,1009,0.27155599603567887,0.21329430511248693,0.1916129934603297,0.23458790481358618,0.4984984984984985,0.26170798898071623,0.08727272727272728,0.005698005698005698,0.046893353597663626,0.2740553874731176,0.0,0.6784440039643209,"{""female"": 472, ""male"": 405, ""group"": 131, ""instrumental"": 1}",7.719676665961742,10.120087666553443,1524.0,16.01883052527255,0.07780188305252726
